fieldID,fieldName,fieldType,defaultValue,secondaryValue,fieldDescription,minValue,maxValue,tab

celorb_disableModBoolean,Disable mod,Boolean,false,,"Allows disabling the mod mid-save.
When true this setting disables the mod mid-save by clearing all orbits and allows you to save, exit the game, and disable the mod in the launcher or mod manager.",,,Settings

celorb_visuals,Visuals,Header,Visuals,,,,,Settings
#celorb_visualsText,Visuals Text Field,Text,This setting changes which celestial objects can show their orbit,,,,,Settings
celorb_visualsRadio,Visuals Behaviour,Radio,Only Planetary Bodies,"Only Planetary Bodies,Stations Included,All Celestial Objects","Changes which celestial objects can show their orbit.
Only Planetary Bodies - Only draw orbits of planetary bodies
Stations Included - Draw orbits of planetary bodies and stations
All Celestial Objects - Draw all orbits",,,Settings
celorb_research,Orbit Research,Header,Orbit Research,,,,,Settings
celorb_researchRadio,Research Behaviour,Radio,On Full Survey,"On Full Survey,Always show,Witnessed","Changes the orbit research Behaviour.",,,Settings
celorb_researchTimeRadio,Research Time Required,Radio,Quarter Rotation,"Quarter Rotation,Half Rotation,Full Rotation","(Only active with the former setting set to 'Witnessed')
Changes how much total time you need to spend in a system to research a celestial object's orbit.
Full Rotation - 1 full rotation around the orbital focus (star or other planet)
Half Rotation - Half a rotation around the orbital focus
Quarter Rotation - A quarter rotation around the orbital focus",,,Settings
celorb_courseFocus,Course Focus,Header,Course Focus,,,,,Settings
celorb_courseFocusRadio,Course Focus Behaviour,Radio,Highlight,"Highlight,Filter,Disabled","Changes the 'Course focus' Behaviour.
Highlight - Highlight the course focus' orbit
Filter - Filter the course focus' orbit, showing only that orbit
Disabled - Disables the course focus feature",,,Settings
celorb_customization,Customization,Header,Customization,,,,,Settings
celorb_orbitColorBoolean,Custom Orbit Color,Boolean,false,,Enable custom orbit trajectory color. When false uses a default color.,,,Settings
celorb_orbitColorPicker,Orbit Color Picker,Color,#b3ccff,,"Choose a custom color for the orbit.",,,Settings
celorb_orbitColorAlpha,Orbit Color Alpha,Int,45,,"Choose the brightness/alpha level for the orbit.",12,255,Settings


#luna_exampleHeader,Example Header,Header,Example Section,,,,,Examples
#luna_exampleText,Example Text Field,Text,Any value below is merely an example for Modders. None of the Settings here do anything.,,,,,Examples
#luna_exampleString,Example String,String,some string,,"Strings will accept any characters put in, with no filtering.",,,Examples
#luna_exampleBoolean,Example Boolean,Boolean,true,,A button that switches between true and false.,,,Examples
#luna_exampleInt,Example Int,Int,100,,"Int Fields will only accept whole Numbers, and block any other character from being entered.",-50,200,Examples
#luna_exampleDouble,Example Double,Double,10.2,,Doubles allow only numbers and a single decimal dot (.),0,20,Examples
#luna_exampleKeybind,Example Keybind,Keycode,0,,"Lets users register a keybind. The saved keycodes are the same as used by org.lwjgl.input.Keyboard and Starsectors InputEventAPI. Make sure to set a condition for your input checks to not accept numbers of 0, as lwjgl sets both unbound & unknown characters to that value.",,,Examples
#luna_newExampleColor,Example Color,Color,#f22e6e,,"Creates a color picker, giving both a hex text field and three sliders for the HSV color selection.",,,Examples
#luna_exampleRadio,Example Radio,Radio,None,"None, Hegemony, Tritachyon, Persean League, Sindrian, Independent","Creates a radio button selector. The defaultValue decides which one is selected by default, the secondaryValue creates the list of choices with a comma separated String. Can be retrieved as a String.",,,Examples
